﻿<?xml version="1.0" encoding="utf-8"?>
<configuration>
  <configSections>
    <section name="loggingConfiguration" type="Microsoft.Practices.EnterpriseLibrary.Logging.Configuration.LoggingSettings, Microsoft.Practices.EnterpriseLibrary.Logging, Version=6.0.0.0, Culture=neutral, PublicKeyToken=31bf3856ad364e35" requirePermission="true" />
    <section name="SMTP" type="System.Configuration.NameValueSectionHandler" />
    <section name="Mail" type="System.Configuration.NameValueSectionHandler" />
    <section name="Security" type="System.Configuration.NameValueSectionHandler" />
    <section name="Template" type="System.Configuration.NameValueSectionHandler" />
    <section name="unity" type="Microsoft.Practices.Unity.Configuration.UnityConfigurationSection,Microsoft.Practices.Unity.Configuration" />
    <section name="iSPInfrastructure" type="Honeywell.ISP.Framework.Messaging.ConfigSettings.ISPInfrastructure, Honeywell.ISP.Framework.Messaging.ConfigSettings" />
    <section name="dataConfiguration" type="Microsoft.Practices.EnterpriseLibrary.Data.Configuration.DatabaseSettings, Microsoft.Practices.EnterpriseLibrary.Data, Version=6.0.0.0, Culture=neutral, PublicKeyToken=31bf3856ad364e35" requirePermission="true" />
  </configSections>
  <unity configSource="Unity.config" />
  <iSPInfrastructure>
    <messaging>
      <messagingSettings entityAssembly="Honeywell.ISP.Services.Common.Entities" entityNamespace="Honeywell.ISP.Services.Common.Entities" />
      <messageProviders>
        <add name="NSB_SQL" transportType="NServiceBus.SqlServerTransport, NServiceBus.Transports.SQLServer" persistenceType="NServiceBus.NHibernatePersistence, NServiceBus.NHibernate" serializationType="NServiceBus.JsonSerializer, NServiceBus.Core" transportConnectionString="Data Source=ie3bvwvpc0166;Initial Catalog=USP_Release;UID=sa;Pwd=Password1;Persist Security Info=False;" persistenceConnectionString="Data Source=ie3bvwvpc0166;Initial Catalog=USP_Release;UID=sa;Pwd=Password1;Persist Security Info=False;" persistenceSubscriptionConnectionString="Data Source=ie3bvwvpc0166;Initial Catalog=USP_Release;UID=sa;Pwd=Password1;Persist Security Info=False;" persistenceTimeoutConnectionString="Data Source=ie3bvwvpc0166;Initial Catalog=USP_Release;UID=sa;Pwd=Password1;Persist Security Info=False;" errorPath="error" />
        <add name="NSB_RMQ" transportType="NServiceBus.RabbitMQTransport, NServiceBus.Transports.RabbitMQ" persistenceType="NServiceBus.NHibernatePersistence, NServiceBus.NHibernate" serializationType="NServiceBus.JsonSerializer, NServiceBus.Core" transportConnectionString="Data Source=ie3bvwvpc0166;Initial Catalog=USP_Release;UID=sa;Pwd=Password1;Persist Security Info=False;" persistenceConnectionString="Data Source=ie3bvwvpc0166;Initial Catalog=USP_Release;UID=sa;Pwd=Password1;Persist Security Info=False;" persistenceSubscriptionConnectionString="Data Source=ie3bvwvpc0166;Initial Catalog=USP_Release;UID=sa;Pwd=Password1;Persist Security Info=False;" persistenceTimeoutConnectionString="Data Source=ie3bvwvpc0166;Initial Catalog=USP_Release;UID=sa;Pwd=Password1;Persist Security Info=False;" errorPath="error" />
        <add name="EASYNETQ" transportType="" persistenceType="" serializationType="" transportConnectionString="" persistenceConnectionString="" persistenceSubscriptionConnectionString="" persistenceTimeoutConnectionString="" errorPath="error" />
        <add name="REDIS" transportType="" persistenceType="" serializationType="" transportConnectionString="" persistenceConnectionString="" persistenceSubscriptionConnectionString="" persistenceTimeoutConnectionString="" errorPath="error" />
      </messageProviders>
    </messaging>
  </iSPInfrastructure>
  <loggingConfiguration name="" tracingEnabled="true" defaultCategory="EXCEPTIONS">
    <listeners>
      <add name="Critical Event Log Listener" type="Microsoft.Practices.EnterpriseLibrary.Logging.TraceListeners.FormattedEventLogTraceListener, Microsoft.Practices.EnterpriseLibrary.Logging, Version=6.0.0.0, Culture=neutral, PublicKeyToken=31bf3856ad364e35" listenerDataType="Microsoft.Practices.EnterpriseLibrary.Logging.Configuration.FormattedEventLogTraceListenerData, Microsoft.Practices.EnterpriseLibrary.Logging, Version=6.0.0.0, Culture=neutral, PublicKeyToken=31bf3856ad364e35" source="Enterprise Library Logging" formatter="Text Formatter" log="" machineName="." traceOutputOptions="None" filter="Critical" />
      <add name="All Logs Rolling Flat File Trace Listener" type="Microsoft.Practices.EnterpriseLibrary.Logging.TraceListeners.RollingFlatFileTraceListener, Microsoft.Practices.EnterpriseLibrary.Logging, Version=6.0.0.0, Culture=neutral, PublicKeyToken=31bf3856ad364e35" listenerDataType="Microsoft.Practices.EnterpriseLibrary.Logging.Configuration.RollingFlatFileTraceListenerData, Microsoft.Practices.EnterpriseLibrary.Logging, Version=6.0.0.0, Culture=neutral, PublicKeyToken=31bf3856ad364e35" fileName="C:\\ISPLogs\RuleEngine\rolling.log" formatter="Text Formatter" rollFileExistsBehavior="Increment" rollSizeKB="5000" maxArchivedFiles="100" />
      <add name="Flat File Trace Listener" type="Microsoft.Practices.EnterpriseLibrary.Logging.TraceListeners.FlatFileTraceListener, Microsoft.Practices.EnterpriseLibrary.Logging, Version=6.0.0.0, Culture=neutral, PublicKeyToken=31bf3856ad364e35" listenerDataType="Microsoft.Practices.EnterpriseLibrary.Logging.Configuration.FlatFileTraceListenerData, Microsoft.Practices.EnterpriseLibrary.Logging, Version=6.0.0.0, Culture=neutral, PublicKeyToken=31bf3856ad364e35" fileName="C:\\ISPLogs\RuleEngine\LogErrors.log" formatter="" />
    </listeners>
    <formatters>
      <add type="Microsoft.Practices.EnterpriseLibrary.Logging.Formatters.TextFormatter, Microsoft.Practices.EnterpriseLibrary.Logging, Version=6.0.0.0, Culture=neutral, PublicKeyToken=31bf3856ad364e35" template="{timestamp(local:yyyy-MM-dd HH:mm:ss.ff)}: [{severity}]: {message}" name="Text Formatter" />
    </formatters>
    <logFilters>
      <add type="Microsoft.Practices.EnterpriseLibrary.Logging.Filters.LogEnabledFilter, Microsoft.Practices.EnterpriseLibrary.Logging, Version=6.0.0.0, Culture=neutral, PublicKeyToken=31bf3856ad364e35" enabled="true" name="Logging Enabled Filter" />
      <add type="Microsoft.Practices.EnterpriseLibrary.Logging.Filters.CategoryFilter, Microsoft.Practices.EnterpriseLibrary.Logging, Version=6.0.0.0, Culture=neutral, PublicKeyToken=31bf3856ad364e35" categoryFilterMode="DenyAllExceptAllowed" name="Category Filter">
        <categoryFilters>
          <add name="EXCEPTIONS" />
          <add name="ERRORS_EXCEPTIONS" />
          <add name="LOG_START_STOP_PROCEDURE" />
          <!--<add name="LOG_ALL_INFO" />
          <add name="LOG_ALL_INFO_IN_DETAIL" />-->
        </categoryFilters>
      </add>
    </logFilters>
    <categorySources>
      <add switchValue="Critical" name="EXCEPTIONS">
        <listeners>
          <add name="All Logs Rolling Flat File Trace Listener" />
        </listeners>
      </add>
      <add switchValue="Error" name="ERRORS_EXCEPTIONS">
        <listeners>
          <add name="All Logs Rolling Flat File Trace Listener" />
        </listeners>
      </add>
      <add switchValue="Information" name="LOG_ALL_INFO">
        <listeners>
          <add name="All Logs Rolling Flat File Trace Listener" />
        </listeners>
      </add>
      <add switchValue="ActivityTracing" name="LOG_START_STOP_PROCEDURE">
        <listeners>
          <add name="All Logs Rolling Flat File Trace Listener" />
        </listeners>
      </add>
      <add switchValue="Verbose" name="LOG_ALL_INFO_IN_DETAIL">
        <listeners>
          <add name="All Logs Rolling Flat File Trace Listener" />
        </listeners>
      </add>
    </categorySources>
    <specialSources>
      <allEvents switchValue="All" name="All Events" />
      <notProcessed switchValue="All" name="Unprocessed Category" />
      <errors switchValue="All" name="Logging Errors &amp; Warnings">
        <listeners>
          <add name="Flat File Trace Listener" />
        </listeners>
      </errors>
    </specialSources>
  </loggingConfiguration>

  <system.serviceModel>
    <services configSource="Services.config" />
    <bindings configSource="Bindings.config" />
    <behaviors configSource="Behaviors.config" />
    <extensions configSource="Extensions.config" />
    <client configSource="ClientEndpoints.config" />
  </system.serviceModel>

  <startup>
    <supportedRuntime version="v4.0" sku=".NETFramework,Version=v4.6.1" />
  </startup>

  <!--Mail template will be filled with this info. Passed to notification service-->
  <Mail>
    <add key="Issecure" value="false" />
    <add key="sender" value="Administrator@MaxProCloud.com" />
    <add key="logopath" value="" />
  </Mail>

  <appSettings>

    <add key="runForHistoryEvents" value="false" />
    <add key="preFetchCache" value="true" />
    <add key="startIfRulesNotLoaded" value="false" />
    <add key="orderedRuleExecution" value="false" />
    <!--Added key for load test and check how rule engine Performs without action-->
    <add key="executeAction" value="true" />
    
    <add key="IsScaledOut" value="false" />
    <add key="redisServer" value="localhost" />
    <add key="redisPort" value="6379" />
    <add key="redisPass" value="Password1" />
    <add key="redisPassRequired" value="true" />
    <add key="redisSSLRequired" value="true" />

    <add key="maxCacheRetry" value="5" />
    <add key="maxLockRetry" value="480" />
    <add key="maxLockRetryInterval" value="250" />

    <!--Any only offline rule will trigger after this in seconds TBD-->
    <add key="addDelayForOfflineRule" value="false" />
    <add key="offlineAlarmPeriod" value="300" />

    <!--Recorder event wait delay-->
    <add key="TimeOutDuration" value="30" />
    
    <!-- Key will be ServiceType and Value is Service Name-->
    <add key="RuleService" value="RuleService1" />

    <!--Messaging service rule name-->
    <add key="SERVICE_RULE" value="RULENGINE_SERVICE_RULE" />

    <add key="RuleHistoryInsertInterval" value="15000" />

    <!--Hardcoded username and password for RVU/Argus calls-->
    <add key="SystemUser" value="sa" />
    <add key="Password" value="sa" />

    <!--Threadpool settings Start-->
    <add key="EventReceiveWorkerPool_ThreadCount" value="8" />
    <add key="CacheLoadWorkerPool_ThreadCount" value="8" />
    <add key="PageSize" value="5000" />
    <!--Threadpool settings End-->

    <!-- ISP Framework settings Start-->
    <add key="ClientID" value="AandAClient" />
    <add key="Secret" value="secret" />
    <add key="CacheDuration" value="12000" />
    <add key="scopes" value="mpc,openid" />
    <add key="Scope" value="mpc" />
    <add key="cacheService" value="https://uspservices.api-ucp-platform.org/CachingService/api/cache/" />
    <add key="ISPAuthEndPoint" value="https://uspservices.api-ucp-platform.org/AuthenticationAuthorizationService/api/AuthenticationAuthorization/" />
    <add key="discoveryEndpoint" value="https://uspservices.api-ucp-platform.org/ThinktectureIdentityService/.well-known/openid-configuration" />
    <add key="userInfoEndPoint" value="https://uspservices.api-ucp-platform.org/ThinktectureIdentityService/connect/userinfo" />
    <add key="ISPMessageEndPoint" value="https://uspservices.api-ucp-platform.org/MessageService/api/Messaging/" />
    <!-- ISP Framework settings End-->

    <add key="Microsoft.ServiceBus.ConnectionString" value="Endpoint=sb://[your namespace].servicebus.windows.net;SharedSecretIssuer=owner;SharedSecretValue=[your secret]" />
  </appSettings>

  <connectionStrings>
    <add name="ArgusConnectionString" connectionString="Data Source=.;Initial Catalog=USP_Release;UID=sa;Pwd=Password1;Persist Security Info=False;" providerName="System.Data.SqlClient" />
    <add name="EASYNETQConnectionString" connectionString="host=localhost;UserName=test;Password=test"/>
  </connectionStrings>
  <system.web>
    <membership defaultProvider="ClientAuthenticationMembershipProvider">
      <providers>
        <add name="ClientAuthenticationMembershipProvider" type="System.Web.ClientServices.Providers.ClientFormsAuthenticationMembershipProvider, System.Web.Extensions, Version=4.0.0.0, Culture=neutral, PublicKeyToken=31bf3856ad364e35" serviceUri="" />
      </providers>
    </membership>
    <roleManager defaultProvider="ClientRoleProvider" enabled="true">
      <providers>
        <add name="ClientRoleProvider" type="System.Web.ClientServices.Providers.ClientRoleProvider, System.Web.Extensions, Version=4.0.0.0, Culture=neutral, PublicKeyToken=31bf3856ad364e35" serviceUri="" cacheTimeout="86400" />
      </providers>
    </roleManager>
  </system.web>
  <runtime>
    <assemblyBinding xmlns="urn:schemas-microsoft-com:asm.v1">
      <dependentAssembly>
        <assemblyIdentity name="Newtonsoft.Json" publicKeyToken="30ad4fe6b2a6aeed" culture="neutral" />
        <bindingRedirect oldVersion="0.0.0.0-9.0.0.0" newVersion="9.0.0.0" />
      </dependentAssembly>
      <dependentAssembly>
        <assemblyIdentity name="RabbitMQ.Client" publicKeyToken="89e7d7c5feba84ce" culture="neutral" />
        <bindingRedirect oldVersion="0.0.0.0-3.6.1.0" newVersion="3.6.1.0" />
      </dependentAssembly>
    </assemblyBinding>
  </runtime>
</configuration>
